,Month,Day,Start Time,End Time,Operating Hours
0,2021-05,2021-05-01,2021-05-01 06:20:00,2021-05-01 18:20:00,12.0
1,2021-05,2021-05-02,2021-05-02 06:15:00,2021-05-02 18:45:00,12.5
2,2021-05,2021-05-03,2021-05-03 07:20:00,2021-05-03 18:50:00,11.5
3,2021-05,2021-05-04,2021-05-04 06:10:00,2021-05-04 18:25:00,12.25
4,2021-05,2021-05-05,2021-05-05 06:30:00,2021-05-05 18:30:00,12.0
5,2021-05,2021-05-06,2021-05-06 06:05:00,2021-05-06 18:45:00,12.666666666666666
6,2021-05,2021-05-07,2021-05-07 06:00:00,2021-05-07 18:45:00,12.75
7,2021-05,2021-05-08,2021-05-08 05:50:00,2021-05-08 18:40:00,12.833333333333334
8,2021-05,2021-05-09,2021-05-09 05:50:00,2021-05-09 18:50:00,13.0
9,2021-05,2021-05-10,2021-05-10 06:05:00,2021-05-10 18:50:00,12.75
10,2021-05,2021-05-11,2021-05-11 06:05:00,2021-05-11 18:50:00,12.75
11,2021-05,2021-05-12,2021-05-12 06:00:00,2021-05-12 18:45:00,12.75
12,2021-05,2021-05-13,2021-05-13 05:55:00,2021-05-13 18:45:00,12.833333333333334
13,2021-05,2021-05-14,2021-05-14 05:55:00,2021-05-14 18:50:00,12.916666666666666
14,2021-05,2021-05-15,2021-05-15 05:50:00,2021-05-15 18:45:00,12.916666666666666
15,2021-05,2021-05-16,2021-05-16 05:45:00,2021-05-16 18:55:00,13.166666666666666
16,2021-05,2021-05-17,2021-05-17 06:00:00,2021-05-17 18:55:00,12.916666666666666
17,2021-05,2021-05-18,2021-05-18 05:55:00,2021-05-18 19:00:00,13.083333333333334
18,2021-05,2021-05-19,2021-05-19 05:55:00,2021-05-19 18:55:00,13.0
19,2021-05,2021-05-20,2021-05-20 06:05:00,2021-05-20 18:50:00,12.75
20,2021-05,2021-05-21,2021-05-21 05:40:00,2021-05-21 18:50:00,13.166666666666666
21,2021-05,2021-05-22,2021-05-22 05:35:00,2021-05-22 18:55:00,13.333333333333334
22,2021-05,2021-05-23,2021-05-23 05:50:00,2021-05-23 18:55:00,13.083333333333334
23,2021-05,2021-05-24,2021-05-24 05:45:00,2021-05-24 19:00:00,13.25
24,2021-05,2021-05-25,2021-05-25 05:55:00,2021-05-25 18:50:00,12.916666666666666
25,2021-05,2021-05-26,2021-05-26 06:00:00,2021-05-26 18:55:00,12.916666666666666
26,2021-05,2021-05-27,2021-05-27 06:00:00,2021-05-27 18:55:00,12.916666666666666
27,2021-05,2021-05-28,2021-05-28 05:55:00,2021-05-28 18:55:00,13.0
28,2021-05,2021-05-29,2021-05-29 06:10:00,2021-05-29 19:00:00,12.833333333333334
29,2021-05,2021-05-30,2021-05-30 05:55:00,2021-05-30 18:55:00,13.0
30,2021-05,2021-05-31,2021-05-31 06:05:00,2021-05-31 18:50:00,12.75
31,2021-06,2021-06-01,2021-06-01 06:10:00,2021-06-01 18:40:00,12.5
32,2021-06,2021-06-02,2021-06-02 06:00:00,2021-06-02 19:00:00,13.0
33,2021-06,2021-06-03,2021-06-03 06:00:00,2021-06-03 19:10:00,13.166666666666666
34,2021-06,2021-06-04,2021-06-04 05:45:00,2021-06-04 19:00:00,13.25
35,2021-06,2021-06-05,2021-06-05 06:10:00,2021-06-05 19:00:00,12.833333333333334
36,2021-06,2021-06-06,2021-06-06 05:50:00,2021-06-06 19:10:00,13.333333333333334
37,2021-06,2021-06-07,2021-06-07 05:50:00,2021-06-07 19:15:00,13.416666666666666
38,2021-06,2021-06-08,2021-06-08 05:50:00,2021-06-08 19:00:00,13.166666666666666
39,2021-06,2021-06-09,2021-06-09 06:05:00,2021-06-09 19:00:00,12.916666666666666
40,2021-06,2021-06-10,2021-06-10 05:35:00,2021-06-10 19:00:00,13.416666666666666
41,2021-06,2021-06-11,2021-06-11 05:35:00,2021-06-11 19:00:00,13.416666666666666
42,2021-06,2021-06-12,2021-06-12 05:45:00,2021-06-12 18:55:00,13.166666666666666
43,2021-06,2021-06-13,2021-06-13 05:45:00,2021-06-13 19:00:00,13.25
44,2021-06,2021-06-14,2021-06-14 05:50:00,2021-06-14 19:15:00,13.416666666666666
45,2021-06,2021-06-15,2021-06-15 05:45:00,2021-06-15 19:05:00,13.333333333333334
46,2021-06,2021-06-16,2021-06-16 06:05:00,2021-06-16 19:05:00,13.0
47,2021-06,2021-06-17,2021-06-17 06:05:00,2021-06-17 19:00:00,12.916666666666666
48,2021-06,2021-06-18,2021-06-18 06:00:00,2021-06-18 19:05:00,13.083333333333334
49,2021-06,2021-06-19,2021-06-19 05:50:00,2021-06-19 19:10:00,13.333333333333334
50,2021-06,2021-06-20,2021-06-20 05:55:00,2021-06-20 18:55:00,13.0
51,2021-06,2021-06-21,2021-06-21 05:55:00,2021-06-21 19:15:00,13.333333333333334
52,2021-06,2021-06-22,2021-06-22 05:55:00,2021-06-22 19:05:00,13.166666666666666
53,2021-06,2021-06-23,2021-06-23 06:00:00,2021-06-23 19:10:00,13.166666666666666
54,2021-06,2021-06-24,2021-06-24 05:50:00,2021-06-24 19:10:00,13.333333333333334
55,2021-06,2021-06-25,2021-06-25 05:55:00,2021-06-25 19:10:00,13.25
56,2021-06,2021-06-26,2021-06-26 05:40:00,2021-06-26 18:55:00,13.25
57,2021-06,2021-06-27,2021-06-27 06:05:00,2021-06-27 19:10:00,13.083333333333334
58,2021-06,2021-06-28,2021-06-28 05:45:00,2021-06-28 19:10:00,13.416666666666666
59,2021-06,2021-06-29,2021-06-29 05:55:00,2021-06-29 19:10:00,13.25
60,2021-06,2021-06-30,2021-06-30 05:35:00,2021-06-30 19:15:00,13.666666666666666
61,2021-07,2021-07-01,2021-07-01 06:00:00,2021-07-01 19:15:00,13.25
62,2021-07,2021-07-02,2021-07-02 06:00:00,2021-07-02 19:15:00,13.25
63,2021-07,2021-07-03,2021-07-03 05:55:00,2021-07-03 19:10:00,13.25
64,2021-07,2021-07-04,2021-07-04 06:05:00,2021-07-04 19:10:00,13.083333333333334
65,2021-07,2021-07-05,2021-07-05 05:50:00,2021-07-05 19:10:00,13.333333333333334
66,2021-07,2021-07-06,2021-07-06 06:05:00,2021-07-06 19:10:00,13.083333333333334
67,2021-07,2021-07-07,2021-07-07 06:00:00,2021-07-07 19:10:00,13.166666666666666
68,2021-07,2021-07-08,2021-07-08 05:55:00,2021-07-08 19:15:00,13.333333333333334
69,2021-07,2021-07-09,2021-07-09 06:00:00,2021-07-09 19:10:00,13.166666666666666
70,2021-07,2021-07-10,2021-07-10 05:55:00,2021-07-10 19:10:00,13.25
71,2021-07,2021-07-11,2021-07-11 06:00:00,2021-07-11 19:00:00,13.0
72,2021-07,2021-07-12,2021-07-12 06:05:00,2021-07-12 19:15:00,13.166666666666666
73,2021-07,2021-07-13,2021-07-13 05:50:00,2021-07-13 19:10:00,13.333333333333334
74,2021-07,2021-07-14,2021-07-14 06:00:00,2021-07-14 17:40:00,11.666666666666666
75,2021-07,2021-07-18,2021-07-18 13:55:00,2021-07-18 19:00:00,5.083333333333333
76,2021-07,2021-07-19,2021-07-19 05:50:00,2021-07-19 19:00:00,13.166666666666666
77,2021-07,2021-07-20,2021-07-20 05:55:00,2021-07-20 18:55:00,13.0
78,2021-07,2021-07-21,2021-07-21 05:55:00,2021-07-21 18:55:00,13.0
79,2021-07,2021-07-22,2021-07-22 05:55:00,2021-07-22 18:55:00,13.0
80,2021-07,2021-07-23,2021-07-23 05:55:00,2021-07-23 19:00:00,13.083333333333334
81,2021-07,2021-07-24,2021-07-24 05:55:00,2021-07-24 19:00:00,13.083333333333334
82,2021-07,2021-07-25,2021-07-25 06:10:00,2021-07-25 19:00:00,12.833333333333334
83,2021-07,2021-07-26,2021-07-26 05:55:00,2021-07-26 18:55:00,13.0
84,2021-07,2021-07-27,2021-07-27 06:05:00,2021-07-27 19:00:00,12.916666666666666
85,2021-07,2021-07-28,2021-07-28 05:55:00,2021-07-28 18:55:00,13.0
86,2021-07,2021-07-29,2021-07-29 06:05:00,2021-07-29 19:00:00,12.916666666666666
87,2021-07,2021-07-30,2021-07-30 06:10:00,2021-07-30 19:00:00,12.833333333333334
88,2021-07,2021-07-31,2021-07-31 06:10:00,2021-07-31 19:00:00,12.833333333333334
89,2021-08,2021-08-01,2021-08-01 06:05:00,2021-08-01 19:00:00,12.916666666666666
90,2021-08,2021-08-02,2021-08-02 06:10:00,2021-08-02 19:00:00,12.833333333333334
91,2021-08,2021-08-03,2021-08-03 06:15:00,2021-08-03 19:00:00,12.75
92,2021-08,2021-08-04,2021-08-04 06:10:00,2021-08-04 19:00:00,12.833333333333334
93,2021-08,2021-08-05,2021-08-05 06:20:00,2021-08-05 18:55:00,12.583333333333334
94,2021-08,2021-08-06,2021-08-06 06:15:00,2021-08-06 19:00:00,12.75
95,2021-08,2021-08-07,2021-08-07 06:10:00,2021-08-07 18:55:00,12.75
96,2021-08,2021-08-08,2021-08-08 06:15:00,2021-08-08 18:55:00,12.666666666666666
97,2021-08,2021-08-09,2021-08-09 06:10:00,2021-08-09 18:55:00,12.75
98,2021-08,2021-08-10,2021-08-10 06:15:00,2021-08-10 18:55:00,12.666666666666666
99,2021-08,2021-08-11,2021-08-11 06:20:00,2021-08-11 18:55:00,12.583333333333334
100,2021-08,2021-08-12,2021-08-12 06:20:00,2021-08-12 18:55:00,12.583333333333334
101,2021-08,2021-08-13,2021-08-13 06:50:00,2021-08-13 18:50:00,12.0
102,2021-08,2021-08-14,2021-08-14 06:25:00,2021-08-14 18:50:00,12.416666666666666
103,2021-08,2021-08-15,2021-08-15 06:20:00,2021-08-15 18:50:00,12.5
104,2021-08,2021-08-16,2021-08-16 06:15:00,2021-08-16 18:45:00,12.5
105,2021-08,2021-08-17,2021-08-17 06:25:00,2021-08-17 18:45:00,12.333333333333334
106,2021-08,2021-08-18,2021-08-18 06:10:00,2021-08-18 18:45:00,12.583333333333334
107,2021-08,2021-08-19,2021-08-19 06:25:00,2021-08-19 18:40:00,12.25
108,2021-08,2021-08-20,2021-08-20 06:25:00,2021-08-20 18:45:00,12.333333333333334
109,2021-08,2021-08-21,2021-08-21 06:25:00,2021-08-21 18:40:00,12.25
110,2021-08,2021-08-22,2021-08-22 06:25:00,2021-08-22 18:40:00,12.25
111,2021-08,2021-08-23,2021-08-23 06:20:00,2021-08-23 18:40:00,12.333333333333334
112,2021-08,2021-08-24,2021-08-24 06:25:00,2021-08-24 18:40:00,12.25
113,2021-08,2021-08-25,2021-08-25 06:20:00,2021-08-25 18:35:00,12.25
114,2021-08,2021-08-26,2021-08-26 06:25:00,2021-08-26 18:35:00,12.166666666666666
115,2021-08,2021-08-27,2021-08-27 06:20:00,2021-08-27 18:35:00,12.25
116,2021-08,2021-08-28,2021-08-28 06:30:00,2021-08-28 18:25:00,11.916666666666666
117,2021-08,2021-08-29,2021-08-29 06:25:00,2021-08-29 18:30:00,12.083333333333334
118,2021-08,2021-08-30,2021-08-30 06:25:00,2021-08-30 18:30:00,12.083333333333334
119,2021-08,2021-08-31,2021-08-31 06:25:00,2021-08-31 18:25:00,12.0
120,2021-09,2021-09-01,2021-09-01 06:30:00,2021-09-01 18:30:00,12.0
121,2021-09,2021-09-02,2021-09-02 06:30:00,2021-09-02 18:25:00,11.916666666666666
122,2021-09,2021-09-03,2021-09-03 06:30:00,2021-09-03 18:10:00,11.666666666666666
123,2021-09,2021-09-04,2021-09-04 06:20:00,2021-09-04 18:25:00,12.083333333333334
124,2021-09,2021-09-05,2021-09-05 06:25:00,2021-09-05 18:05:00,11.666666666666666
125,2021-09,2021-09-06,2021-09-06 06:35:00,2021-09-06 18:25:00,11.833333333333334
126,2021-09,2021-09-07,2021-09-07 06:35:00,2021-09-07 18:25:00,11.833333333333334
127,2021-09,2021-09-08,2021-09-08 06:30:00,2021-09-08 18:25:00,11.916666666666666
128,2021-09,2021-09-09,2021-09-09 06:25:00,2021-09-09 18:10:00,11.75
129,2021-09,2021-09-10,2021-09-10 06:35:00,2021-09-10 18:15:00,11.666666666666666
130,2021-09,2021-09-11,2021-09-11 06:25:00,2021-09-11 18:15:00,11.833333333333334
131,2021-09,2021-09-12,2021-09-12 06:25:00,2021-09-12 18:15:00,11.833333333333334
132,2021-09,2021-09-13,2021-09-13 06:35:00,2021-09-13 18:20:00,11.75
133,2021-09,2021-09-14,2021-09-14 06:25:00,2021-09-14 18:10:00,11.75
134,2021-09,2021-09-15,2021-09-15 06:45:00,2021-09-15 18:10:00,11.416666666666666
135,2021-09,2021-09-16,2021-09-16 06:35:00,2021-09-16 18:10:00,11.583333333333334
136,2021-09,2021-09-17,2021-09-17 06:40:00,2021-09-17 18:05:00,11.416666666666666
137,2021-09,2021-09-18,2021-09-18 06:35:00,2021-09-18 18:05:00,11.5
138,2021-09,2021-09-19,2021-09-19 06:35:00,2021-09-19 18:05:00,11.5
139,2021-09,2021-09-20,2021-09-20 06:40:00,2021-09-20 17:55:00,11.25
140,2021-09,2021-09-21,2021-09-21 06:50:00,2021-09-21 18:05:00,11.25
141,2021-09,2021-09-22,2021-09-22 06:35:00,2021-09-22 18:00:00,11.416666666666666
142,2021-09,2021-09-23,2021-09-23 06:35:00,2021-09-23 18:00:00,11.416666666666666
143,2021-09,2021-09-24,2021-09-24 06:45:00,2021-09-24 18:00:00,11.25
144,2021-09,2021-09-25,2021-09-25 06:40:00,2021-09-25 17:55:00,11.25
145,2021-09,2021-09-26,2021-09-26 06:35:00,2021-09-26 17:55:00,11.333333333333334
146,2021-09,2021-09-27,2021-09-27 06:45:00,2021-09-27 17:55:00,11.166666666666666
147,2021-09,2021-09-28,2021-09-28 06:40:00,2021-09-28 17:50:00,11.166666666666666
148,2021-09,2021-09-29,2021-09-29 06:35:00,2021-09-29 17:50:00,11.25
149,2021-09,2021-09-30,2021-09-30 06:35:00,2021-09-30 17:50:00,11.25
150,2021-10,2021-10-01,2021-10-01 06:45:00,2021-10-01 17:45:00,11.0
151,2021-10,2021-10-02,2021-10-02 06:35:00,2021-10-02 17:50:00,11.25
152,2021-10,2021-10-03,2021-10-03 06:50:00,2021-10-03 17:50:00,11.0
153,2021-10,2021-10-04,2021-10-04 06:50:00,2021-10-04 17:45:00,10.916666666666666
154,2021-10,2021-10-05,2021-10-05 06:50:00,2021-10-05 17:45:00,10.916666666666666
155,2021-10,2021-10-06,2021-10-06 06:50:00,2021-10-06 17:40:00,10.833333333333334
156,2021-10,2021-10-07,2021-10-07 06:50:00,2021-10-07 17:35:00,10.75
157,2021-10,2021-10-08,2021-10-08 06:50:00,2021-10-08 17:35:00,10.75
158,2021-10,2021-10-09,2021-10-09 06:50:00,2021-10-09 17:35:00,10.75
159,2021-10,2021-10-10,2021-10-10 06:45:00,2021-10-10 17:30:00,10.75
160,2021-10,2021-10-11,2021-10-11 06:55:00,2021-10-11 17:25:00,10.5
161,2021-10,2021-10-12,2021-10-12 07:05:00,2021-10-12 17:30:00,10.416666666666666
162,2021-10,2021-10-13,2021-10-13 06:55:00,2021-10-13 17:30:00,10.583333333333334
163,2021-10,2021-10-14,2021-10-14 06:55:00,2021-10-14 17:25:00,10.5
164,2021-10,2021-10-15,2021-10-15 06:45:00,2021-10-15 17:20:00,10.583333333333334
165,2021-10,2021-10-16,2021-10-16 07:05:00,2021-10-16 17:25:00,10.333333333333334
166,2021-10,2021-10-17,2021-10-17 06:50:00,2021-10-17 17:25:00,10.583333333333334
167,2021-10,2021-10-18,2021-10-18 07:00:00,2021-10-18 17:25:00,10.416666666666666
168,2021-10,2021-10-19,2021-10-19 06:45:00,2021-10-19 17:15:00,10.5
169,2021-10,2021-10-20,2021-10-20 06:50:00,2021-10-20 17:20:00,10.5
170,2021-10,2021-10-21,2021-10-21 06:50:00,2021-10-21 17:25:00,10.583333333333334
171,2021-10,2021-10-22,2021-10-22 07:00:00,2021-10-22 17:25:00,10.416666666666666
172,2021-10,2021-10-23,2021-10-23 06:55:00,2021-10-23 17:25:00,10.5
173,2021-10,2021-10-24,2021-10-24 06:50:00,2021-10-24 17:35:00,10.75
174,2021-10,2021-10-25,2021-10-25 06:55:00,2021-10-25 17:20:00,10.416666666666666
175,2021-10,2021-10-26,2021-10-26 07:05:00,2021-10-26 17:05:00,10.0
176,2021-10,2021-10-27,2021-10-27 07:10:00,2021-10-27 17:15:00,10.083333333333334
177,2021-10,2021-10-28,2021-10-28 06:55:00,2021-10-28 17:10:00,10.25
178,2021-10,2021-10-29,2021-10-29 06:55:00,2021-10-29 17:15:00,10.333333333333334
179,2021-10,2021-10-30,2021-10-30 07:05:00,2021-10-30 17:15:00,10.166666666666666
180,2021-10,2021-10-31,2021-10-31 07:00:00,2021-10-31 17:05:00,10.083333333333334
181,2021-12,2021-12-01,2021-12-01 07:40:00,2021-12-01 16:50:00,9.166666666666666
182,2021-12,2021-12-02,2021-12-02 07:25:00,2021-12-02 16:55:00,9.5
183,2021-12,2021-12-03,2021-12-03 08:00:00,2021-12-03 16:45:00,8.75
184,2021-12,2021-12-04,2021-12-04 07:30:00,2021-12-04 16:40:00,9.166666666666666
185,2021-12,2021-12-05,2021-12-05 07:30:00,2021-12-05 17:00:00,9.5
186,2021-12,2021-12-06,2021-12-06 07:30:00,2021-12-06 16:55:00,9.416666666666666
187,2021-12,2021-12-07,2021-12-07 07:30:00,2021-12-07 16:45:00,9.25
188,2021-12,2021-12-08,2021-12-08 07:30:00,2021-12-08 16:55:00,9.416666666666666
189,2021-12,2021-12-09,2021-12-09 07:35:00,2021-12-09 17:00:00,9.416666666666666
190,2021-12,2021-12-10,2021-12-10 07:35:00,2021-12-10 17:00:00,9.416666666666666
191,2021-12,2021-12-11,2021-12-11 07:35:00,2021-12-11 16:15:00,8.666666666666666
192,2021-12,2021-12-12,2021-12-12 07:35:00,2021-12-12 16:55:00,9.333333333333334
193,2021-12,2021-12-13,2021-12-13 07:35:00,2021-12-13 16:50:00,9.25
194,2021-12,2021-12-14,2021-12-14 07:35:00,2021-12-14 16:45:00,9.166666666666666
195,2021-12,2021-12-15,2021-12-15 07:40:00,2021-12-15 16:45:00,9.083333333333334
196,2021-12,2021-12-16,2021-12-16 07:35:00,2021-12-16 16:50:00,9.25
197,2021-12,2021-12-17,2021-12-17 07:40:00,2021-12-17 16:55:00,9.25
198,2021-12,2021-12-18,2021-12-18 07:35:00,2021-12-18 16:55:00,9.333333333333334
199,2021-12,2021-12-19,2021-12-19 07:40:00,2021-12-19 16:55:00,9.25
200,2021-12,2021-12-20,2021-12-20 07:40:00,2021-12-20 16:55:00,9.25
201,2021-12,2021-12-21,2021-12-21 07:40:00,2021-12-21 17:00:00,9.333333333333334
202,2021-12,2021-12-22,2021-12-22 07:45:00,2021-12-22 17:05:00,9.333333333333334
203,2021-12,2021-12-23,2021-12-23 07:50:00,2021-12-23 17:05:00,9.25
204,2021-12,2021-12-24,2021-12-24 07:40:00,2021-12-24 17:05:00,9.416666666666666
205,2021-12,2021-12-25,2021-12-25 07:45:00,2021-12-25 17:05:00,9.333333333333334
206,2021-12,2021-12-26,2021-12-26 07:55:00,2021-12-26 17:05:00,9.166666666666666
207,2021-12,2021-12-27,2021-12-27 07:50:00,2021-12-27 16:50:00,9.0
208,2021-12,2021-12-28,2021-12-28 07:45:00,2021-12-28 17:10:00,9.416666666666666
209,2021-12,2021-12-29,2021-12-29 07:45:00,2021-12-29 17:10:00,9.416666666666666
210,2021-12,2021-12-30,2021-12-30 07:55:00,2021-12-30 17:05:00,9.166666666666666
211,2021-12,2021-12-31,2021-12-31 07:50:00,2021-12-31 16:50:00,9.0
212,2022-01,2022-01-01,2022-01-01 07:45:00,2022-01-01 17:00:00,9.25
213,2022-01,2022-01-02,2022-01-02 07:45:00,2022-01-02 17:05:00,9.333333333333334
214,2022-01,2022-01-03,2022-01-03 07:50:00,2022-01-03 17:00:00,9.166666666666666
215,2022-01,2022-01-04,2022-01-04 07:45:00,2022-01-04 17:00:00,9.25
216,2022-01,2022-01-05,2022-01-05 07:45:00,2022-01-05 17:20:00,9.583333333333334
217,2022-01,2022-01-06,2022-01-06 07:45:00,2022-01-06 16:55:00,9.166666666666666
218,2022-01,2022-01-07,2022-01-07 07:50:00,2022-01-07 17:10:00,9.333333333333334
219,2022-01,2022-01-08,2022-01-08 07:40:00,2022-01-08 17:15:00,9.583333333333334
220,2022-01,2022-01-09,2022-01-09 07:45:00,2022-01-09 17:15:00,9.5
221,2022-01,2022-01-10,2022-01-10 07:45:00,2022-01-10 17:00:00,9.25
222,2022-01,2022-01-11,2022-01-11 07:45:00,2022-01-11 17:05:00,9.333333333333334
223,2022-01,2022-01-12,2022-01-12 07:45:00,2022-01-12 17:20:00,9.583333333333334
224,2022-01,2022-01-13,2022-01-13 07:45:00,2022-01-13 17:15:00,9.5
225,2022-01,2022-01-14,2022-01-14 08:10:00,2022-01-14 17:20:00,9.166666666666666
226,2022-01,2022-01-15,2022-01-15 07:45:00,2022-01-15 17:15:00,9.5
227,2022-01,2022-01-16,2022-01-16 07:45:00,2022-01-16 17:15:00,9.5
228,2022-01,2022-01-17,2022-01-17 07:45:00,2022-01-17 17:15:00,9.5
229,2022-01,2022-01-18,2022-01-18 07:45:00,2022-01-18 17:20:00,9.583333333333334
230,2022-01,2022-01-19,2022-01-19 07:40:00,2022-01-19 17:25:00,9.75
231,2022-01,2022-01-20,2022-01-20 07:40:00,2022-01-20 17:20:00,9.666666666666666
232,2022-01,2022-01-21,2022-01-21 07:40:00,2022-01-21 17:20:00,9.666666666666666
233,2022-01,2022-01-22,2022-01-22 07:40:00,2022-01-22 17:25:00,9.75
234,2022-01,2022-01-23,2022-01-23 08:05:00,2022-01-23 17:20:00,9.25
235,2022-01,2022-01-24,2022-01-24 07:45:00,2022-01-24 17:25:00,9.666666666666666
236,2022-01,2022-01-25,2022-01-25 07:40:00,2022-01-25 17:25:00,9.75
237,2022-01,2022-01-26,2022-01-26 07:40:00,2022-01-26 17:25:00,9.75
238,2022-01,2022-01-27,2022-01-27 07:40:00,2022-01-27 17:35:00,9.916666666666666
239,2022-01,2022-01-28,2022-01-28 07:35:00,2022-01-28 17:30:00,9.916666666666666
240,2022-01,2022-01-29,2022-01-29 07:35:00,2022-01-29 17:30:00,9.916666666666666
241,2022-01,2022-01-30,2022-01-30 07:35:00,2022-01-30 17:30:00,9.916666666666666
242,2022-01,2022-01-31,2022-01-31 07:35:00,2022-01-31 17:35:00,10.0
243,2022-02,2022-02-01,2022-02-01 07:50:00,2022-02-01 17:20:00,9.5
244,2022-02,2022-02-02,2022-02-02 07:40:00,2022-02-02 17:40:00,10.0
245,2022-02,2022-02-03,2022-02-03 07:35:00,2022-02-03 17:40:00,10.083333333333334
246,2022-02,2022-02-04,2022-02-04 07:35:00,2022-02-04 17:45:00,10.166666666666666
247,2022-02,2022-02-05,2022-02-05 07:35:00,2022-02-05 17:40:00,10.083333333333334
248,2022-02,2022-02-06,2022-02-06 07:45:00,2022-02-06 17:45:00,10.0
249,2022-02,2022-02-07,2022-02-07 07:30:00,2022-02-07 17:45:00,10.25
250,2022-02,2022-02-08,2022-02-08 07:30:00,2022-02-08 17:45:00,10.25
251,2022-02,2022-02-09,2022-02-09 07:30:00,2022-02-09 17:45:00,10.25
252,2022-02,2022-02-10,2022-02-10 07:25:00,2022-02-10 17:40:00,10.25
253,2022-02,2022-02-11,2022-02-11 07:30:00,2022-02-11 17:55:00,10.416666666666666
254,2022-02,2022-02-12,2022-02-12 07:45:00,2022-02-12 17:40:00,9.916666666666666
255,2022-02,2022-02-13,2022-02-13 07:25:00,2022-02-13 17:50:00,10.416666666666666
256,2022-02,2022-02-14,2022-02-14 07:55:00,2022-02-14 17:50:00,9.916666666666666
257,2022-02,2022-02-15,2022-02-15 07:25:00,2022-02-15 17:25:00,10.0
258,2022-02,2022-02-16,2022-02-16 07:25:00,2022-02-16 17:45:00,10.333333333333334
259,2022-02,2022-02-17,2022-02-17 07:25:00,2022-02-17 17:50:00,10.416666666666666
260,2022-02,2022-02-18,2022-02-18 07:20:00,2022-02-18 17:45:00,10.416666666666666
261,2022-02,2022-02-19,2022-02-19 07:50:00,2022-02-19 18:00:00,10.166666666666666
262,2022-02,2022-02-20,2022-02-20 07:50:00,2022-02-20 17:50:00,10.0
263,2022-02,2022-02-21,2022-02-21 07:20:00,2022-02-21 17:55:00,10.583333333333334
264,2022-02,2022-02-22,2022-02-22 07:25:00,2022-02-22 17:55:00,10.5
265,2022-02,2022-02-23,2022-02-23 07:25:00,2022-02-23 17:40:00,10.25
266,2022-02,2022-02-24,2022-02-24 07:20:00,2022-02-24 17:55:00,10.583333333333334
267,2022-02,2022-02-25,2022-02-25 07:20:00,2022-02-25 18:05:00,10.75
268,2022-02,2022-02-26,2022-02-26 07:15:00,2022-02-26 18:05:00,10.833333333333334
269,2022-02,2022-02-27,2022-02-27 07:20:00,2022-02-27 18:00:00,10.666666666666666
270,2022-02,2022-02-28,2022-02-28 08:55:00,2022-02-28 17:10:00,8.25
271,2022-03,2022-03-01,2022-03-01 07:55:00,2022-03-01 17:25:00,9.5
272,2022-03,2022-03-02,2022-03-02 07:05:00,2022-03-02 18:00:00,10.916666666666666
273,2022-03,2022-03-03,2022-03-03 07:10:00,2022-03-03 18:00:00,10.833333333333334
274,2022-03,2022-03-04,2022-03-04 07:10:00,2022-03-04 17:55:00,10.75
275,2022-03,2022-03-05,2022-03-05 07:35:00,2022-03-05 17:55:00,10.333333333333334
276,2022-03,2022-03-06,2022-03-06 07:25:00,2022-03-06 18:00:00,10.583333333333334
277,2022-03,2022-03-07,2022-03-07 07:00:00,2022-03-07 17:55:00,10.916666666666666
278,2022-03,2022-03-08,2022-03-08 07:10:00,2022-03-08 18:10:00,11.0
279,2022-03,2022-03-09,2022-03-09 07:30:00,2022-03-09 18:05:00,10.583333333333334
280,2022-03,2022-03-10,2022-03-10 07:00:00,2022-03-10 18:05:00,11.083333333333334
281,2022-03,2022-03-11,2022-03-11 06:55:00,2022-03-11 18:10:00,11.25
282,2022-03,2022-03-12,2022-03-12 07:25:00,2022-03-12 17:40:00,10.25
283,2022-03,2022-03-13,2022-03-13 06:55:00,2022-03-13 18:05:00,11.166666666666666
284,2022-03,2022-03-14,2022-03-14 06:50:00,2022-03-14 18:15:00,11.416666666666666
285,2022-03,2022-03-15,2022-03-15 06:55:00,2022-03-15 18:15:00,11.333333333333334
286,2022-03,2022-03-16,2022-03-16 06:50:00,2022-03-16 17:05:00,10.25
287,2022-03,2022-03-17,2022-03-17 07:35:00,2022-03-17 18:00:00,10.416666666666666
288,2022-03,2022-03-18,2022-03-18 07:10:00,2022-03-18 18:00:00,10.833333333333334
289,2022-03,2022-03-19,2022-03-19 07:10:00,2022-03-19 15:45:00,8.583333333333334
290,2022-03,2022-03-20,2022-03-20 07:20:00,2022-03-20 18:15:00,10.916666666666666
291,2022-03,2022-03-21,2022-03-21 07:05:00,2022-03-21 18:20:00,11.25
292,2022-03,2022-03-22,2022-03-22 07:10:00,2022-03-22 18:15:00,11.083333333333334
293,2022-03,2022-03-23,2022-03-23 07:10:00,2022-03-23 17:40:00,10.5
294,2022-03,2022-03-24,2022-03-24 06:50:00,2022-03-24 18:25:00,11.583333333333334
295,2022-03,2022-03-25,2022-03-25 07:00:00,2022-03-25 18:05:00,11.083333333333334
296,2022-03,2022-03-26,2022-03-26 06:50:00,2022-03-26 18:15:00,11.416666666666666
297,2022-03,2022-03-27,2022-03-27 06:45:00,2022-03-27 18:15:00,11.5
298,2022-03,2022-03-28,2022-03-28 06:50:00,2022-03-28 18:05:00,11.25
299,2022-03,2022-03-29,2022-03-29 06:45:00,2022-03-29 17:35:00,10.833333333333334
300,2022-03,2022-03-30,2022-03-30 07:35:00,2022-03-30 15:35:00,8.0
301,2022-03,2022-03-31,2022-03-31 06:45:00,2022-03-31 18:20:00,11.583333333333334
302,2022-04,2022-04-01,2022-04-01 06:40:00,2022-04-01 18:15:00,11.583333333333334
303,2022-04,2022-04-02,2022-04-02 06:45:00,2022-04-02 18:15:00,11.5
304,2022-04,2022-04-03,2022-04-03 06:35:00,2022-04-03 18:10:00,11.583333333333334
305,2022-04,2022-04-04,2022-04-04 06:50:00,2022-04-04 18:20:00,11.5
306,2022-04,2022-04-05,2022-04-05 06:55:00,2022-04-05 18:20:00,11.416666666666666
307,2022-04,2022-04-06,2022-04-06 06:45:00,2022-04-06 18:30:00,11.75
308,2022-04,2022-04-07,2022-04-07 06:30:00,2022-04-07 18:30:00,12.0
309,2022-04,2022-04-08,2022-04-08 06:20:00,2022-04-08 18:30:00,12.166666666666666
310,2022-04,2022-04-09,2022-04-09 06:20:00,2022-04-09 18:25:00,12.083333333333334
311,2022-04,2022-04-10,2022-04-10 06:20:00,2022-04-10 18:25:00,12.083333333333334
312,2022-04,2022-04-11,2022-04-11 06:25:00,2022-04-11 18:25:00,12.0
313,2022-04,2022-04-12,2022-04-12 06:30:00,2022-04-12 18:30:00,12.0
314,2022-04,2022-04-13,2022-04-13 06:35:00,2022-04-13 18:15:00,11.666666666666666
315,2022-04,2022-04-14,2022-04-14 06:35:00,2022-04-14 18:35:00,12.0
316,2022-04,2022-04-15,2022-04-15 06:35:00,2022-04-15 18:05:00,11.5
317,2022-04,2022-04-16,2022-04-16 06:55:00,2022-04-16 18:25:00,11.5
318,2022-04,2022-04-17,2022-04-17 06:10:00,2022-04-17 18:30:00,12.333333333333334
319,2022-04,2022-04-18,2022-04-18 06:10:00,2022-04-18 18:35:00,12.416666666666666
320,2022-04,2022-04-19,2022-04-19 06:05:00,2022-04-19 18:30:00,12.416666666666666
321,2022-04,2022-04-20,2022-04-20 06:40:00,2022-04-20 17:50:00,11.166666666666666
322,2022-04,2022-04-21,2022-04-21 06:35:00,2022-04-21 18:30:00,11.916666666666666
323,2022-04,2022-04-22,2022-04-22 06:05:00,2022-04-22 18:40:00,12.583333333333334
324,2022-04,2022-04-23,2022-04-23 06:15:00,2022-04-23 18:30:00,12.25
325,2022-04,2022-04-24,2022-04-24 06:15:00,2022-04-24 18:25:00,12.166666666666666
326,2022-04,2022-04-25,2022-04-25 06:10:00,2022-04-25 18:50:00,12.666666666666666
327,2022-04,2022-04-26,2022-04-26 06:25:00,2022-04-26 18:35:00,12.166666666666666
328,2022-04,2022-04-27,2022-04-27 06:45:00,2022-04-27 18:20:00,11.583333333333334
329,2022-04,2022-04-28,2022-04-28 06:20:00,2022-04-28 18:45:00,12.416666666666666
330,2022-04,2022-04-29,2022-04-29 06:20:00,2022-04-29 17:50:00,11.5
331,2022-04,2022-04-30,2022-04-30 07:20:00,2022-04-30 17:20:00,10.0
332,2022-05,2022-05-01,2022-05-01 06:15:00,2022-05-01 18:35:00,12.333333333333334
333,2022-05,2022-05-02,2022-05-02 06:05:00,2022-05-02 18:30:00,12.416666666666666
334,2022-05,2022-05-03,2022-05-03 06:10:00,2022-05-03 18:40:00,12.5
335,2022-05,2022-05-04,2022-05-04 06:10:00,2022-05-04 18:40:00,12.5
336,2022-05,2022-05-05,2022-05-05 06:20:00,2022-05-05 18:40:00,12.333333333333334
337,2022-05,2022-05-06,2022-05-06 06:20:00,2022-05-06 18:45:00,12.416666666666666
338,2022-05,2022-05-07,2022-05-07 05:50:00,2022-05-07 18:15:00,12.416666666666666
339,2022-05,2022-05-08,2022-05-08 06:05:00,2022-05-08 18:35:00,12.5
340,2022-05,2022-05-09,2022-05-09 07:10:00,2022-05-09 18:35:00,11.416666666666666
341,2022-05,2022-05-10,2022-05-10 06:00:00,2022-05-10 19:00:00,13.0
342,2022-05,2022-05-11,2022-05-11 05:50:00,2022-05-11 18:45:00,12.916666666666666
343,2022-05,2022-05-12,2022-05-12 06:00:00,2022-05-12 18:45:00,12.75
344,2022-05,2022-05-13,2022-05-13 05:50:00,2022-05-13 18:45:00,12.916666666666666
345,2022-05,2022-05-14,2022-05-14 05:55:00,2022-05-14 18:45:00,12.833333333333334
346,2022-05,2022-05-15,2022-05-15 05:55:00,2022-05-15 18:45:00,12.833333333333334
347,2022-05,2022-05-16,2022-05-16 06:05:00,2022-05-16 18:45:00,12.666666666666666
348,2022-05,2022-05-17,2022-05-17 06:00:00,2022-05-17 18:30:00,12.5
349,2022-05,2022-05-18,2022-05-18 06:00:00,2022-05-18 18:45:00,12.75
350,2022-05,2022-05-19,2022-05-19 05:55:00,2022-05-19 18:50:00,12.916666666666666
351,2022-05,2022-05-20,2022-05-20 05:45:00,2022-05-20 18:45:00,13.0
352,2022-05,2022-05-21,2022-05-21 05:40:00,2022-05-21 18:55:00,13.25
353,2022-05,2022-05-22,2022-05-22 05:40:00,2022-05-22 18:45:00,13.083333333333334
354,2022-05,2022-05-23,2022-05-23 05:50:00,2022-05-23 18:50:00,13.0
355,2022-05,2022-05-24,2022-05-24 05:50:00,2022-05-24 18:55:00,13.083333333333334
356,2022-05,2022-05-25,2022-05-25 05:55:00,2022-05-25 18:10:00,12.25
357,2022-05,2022-05-26,2022-05-26 06:05:00,2022-05-26 18:40:00,12.583333333333334
358,2022-05,2022-05-27,2022-05-27 05:50:00,2022-05-27 18:50:00,13.0
359,2022-05,2022-05-28,2022-05-28 05:40:00,2022-05-28 18:50:00,13.166666666666666
360,2022-05,2022-05-29,2022-05-29 05:50:00,2022-05-29 18:55:00,13.083333333333334
361,2022-05,2022-05-30,2022-05-30 05:45:00,2022-05-30 19:10:00,13.416666666666666
362,2022-05,2022-05-31,2022-05-31 05:55:00,2022-05-31 19:00:00,13.083333333333334
363,2022-06,2022-06-01,2022-06-01 05:55:00,2022-06-01 18:55:00,13.0
364,2022-06,2022-06-02,2022-06-02 06:00:00,2022-06-02 19:10:00,13.166666666666666
365,2022-06,2022-06-03,2022-06-03 05:50:00,2022-06-03 18:55:00,13.083333333333334
366,2022-06,2022-06-04,2022-06-04 05:50:00,2022-06-04 19:00:00,13.166666666666666
367,2022-06,2022-06-05,2022-06-05 05:50:00,2022-06-05 19:00:00,13.166666666666666
368,2022-06,2022-06-06,2022-06-06 05:50:00,2022-06-06 18:55:00,13.083333333333334
369,2022-06,2022-06-07,2022-06-07 05:45:00,2022-06-07 18:45:00,13.0
370,2022-06,2022-06-08,2022-06-08 05:55:00,2022-06-08 19:05:00,13.166666666666666
371,2022-06,2022-06-09,2022-06-09 05:50:00,2022-06-09 19:05:00,13.25
372,2022-06,2022-06-10,2022-06-10 05:40:00,2022-06-10 18:55:00,13.25
373,2022-06,2022-06-11,2022-06-11 05:40:00,2022-06-11 19:05:00,13.416666666666666
374,2022-06,2022-06-12,2022-06-12 05:40:00,2022-06-12 19:05:00,13.416666666666666
375,2022-06,2022-06-13,2022-06-13 05:40:00,2022-06-13 19:00:00,13.333333333333334
376,2022-06,2022-06-14,2022-06-14 05:50:00,2022-06-14 18:55:00,13.083333333333334
377,2022-06,2022-06-15,2022-06-15 05:40:00,2022-06-15 18:55:00,13.25
378,2022-06,2022-06-16,2022-06-16 05:55:00,2022-06-16 19:00:00,13.083333333333334
379,2022-06,2022-06-17,2022-06-17 05:50:00,2022-06-17 18:55:00,13.083333333333334
380,2022-06,2022-06-18,2022-06-18 05:40:00,2022-06-18 19:00:00,13.333333333333334
381,2022-06,2022-06-19,2022-06-19 05:50:00,2022-06-19 19:05:00,13.25
382,2022-06,2022-06-20,2022-06-20 05:40:00,2022-06-20 19:00:00,13.333333333333334
383,2022-06,2022-06-21,2022-06-21 05:35:00,2022-06-21 19:10:00,13.583333333333334
384,2022-06,2022-06-22,2022-06-22 05:40:00,2022-06-22 19:00:00,13.333333333333334
385,2022-06,2022-06-23,2022-06-23 05:40:00,2022-06-23 19:00:00,13.333333333333334
386,2022-06,2022-06-24,2022-06-24 05:50:00,2022-06-24 19:00:00,13.166666666666666
387,2022-06,2022-06-25,2022-06-25 05:50:00,2022-06-25 19:00:00,13.166666666666666
388,2022-06,2022-06-26,2022-06-26 05:50:00,2022-06-26 19:05:00,13.25
389,2022-06,2022-06-27,2022-06-27 05:55:00,2022-06-27 19:05:00,13.166666666666666
390,2022-06,2022-06-28,2022-06-28 05:45:00,2022-06-28 19:00:00,13.25
391,2022-06,2022-06-29,2022-06-29 05:40:00,2022-06-29 19:00:00,13.333333333333334
392,2022-06,2022-06-30,2022-06-30 06:00:00,2022-06-30 19:05:00,13.083333333333334
393,2022-07,2022-07-01,2022-07-01 05:55:00,2022-07-01 19:05:00,13.166666666666666
394,2022-07,2022-07-02,2022-07-02 06:05:00,2022-07-02 19:05:00,13.0
395,2022-07,2022-07-03,2022-07-03 06:00:00,2022-07-03 19:10:00,13.166666666666666
396,2022-07,2022-07-04,2022-07-04 06:00:00,2022-07-04 19:05:00,13.083333333333334
397,2022-07,2022-07-05,2022-07-05 06:00:00,2022-07-05 19:00:00,13.0
398,2022-07,2022-07-06,2022-07-06 06:00:00,2022-07-06 19:05:00,13.083333333333334
399,2022-07,2022-07-07,2022-07-07 05:50:00,2022-07-07 19:00:00,13.166666666666666
400,2022-07,2022-07-08,2022-07-08 06:15:00,2022-07-08 19:05:00,12.833333333333334
401,2022-07,2022-07-09,2022-07-09 05:55:00,2022-07-09 19:05:00,13.166666666666666
402,2022-07,2022-07-10,2022-07-10 05:50:00,2022-07-10 19:10:00,13.333333333333334
403,2022-07,2022-07-11,2022-07-11 05:50:00,2022-07-11 19:05:00,13.25
404,2022-07,2022-07-12,2022-07-12 05:50:00,2022-07-12 19:00:00,13.166666666666666
405,2022-07,2022-07-13,2022-07-13 05:55:00,2022-07-13 19:00:00,13.083333333333334
406,2022-07,2022-07-14,2022-07-14 05:50:00,2022-07-14 19:05:00,13.25
407,2022-07,2022-07-15,2022-07-15 05:55:00,2022-07-15 19:00:00,13.083333333333334
408,2022-07,2022-07-16,2022-07-16 05:50:00,2022-07-16 19:05:00,13.25
409,2022-07,2022-07-17,2022-07-17 05:50:00,2022-07-17 18:55:00,13.083333333333334
410,2022-07,2022-07-18,2022-07-18 05:50:00,2022-07-18 19:05:00,13.25
411,2022-07,2022-07-19,2022-07-19 05:50:00,2022-07-19 18:55:00,13.083333333333334
412,2022-07,2022-07-20,2022-07-20 05:55:00,2022-07-20 18:55:00,13.0
413,2022-07,2022-07-21,2022-07-21 06:05:00,2022-07-21 18:55:00,12.833333333333334
414,2022-07,2022-07-22,2022-07-22 05:55:00,2022-07-22 10:10:00,4.25
415,2022-08,2022-08-01,2022-08-01 14:40:00,2022-08-01 18:55:00,4.25
416,2022-08,2022-08-02,2022-08-02 06:10:00,2022-08-02 18:45:00,12.583333333333334
417,2022-08,2022-08-03,2022-08-03 06:00:00,2022-08-03 18:40:00,12.666666666666666
418,2022-08,2022-08-04,2022-08-04 06:05:00,2022-08-04 18:45:00,12.666666666666666
419,2022-08,2022-08-05,2022-08-05 06:10:00,2022-08-05 18:50:00,12.666666666666666
420,2022-08,2022-08-06,2022-08-06 06:15:00,2022-08-06 18:50:00,12.583333333333334
421,2022-08,2022-08-07,2022-08-07 06:05:00,2022-08-07 18:50:00,12.75
422,2022-08,2022-08-08,2022-08-08 06:05:00,2022-08-08 18:45:00,12.666666666666666
423,2022-08,2022-08-09,2022-08-09 06:05:00,2022-08-09 18:45:00,12.666666666666666
424,2022-08,2022-08-10,2022-08-10 06:15:00,2022-08-10 18:45:00,12.5
425,2022-08,2022-08-11,2022-08-11 06:20:00,2022-08-11 18:40:00,12.333333333333334
426,2022-08,2022-08-12,2022-08-12 06:15:00,2022-08-12 18:40:00,12.416666666666666
427,2022-08,2022-08-13,2022-08-13 06:10:00,2022-08-13 18:40:00,12.5
428,2022-08,2022-08-14,2022-08-14 06:20:00,2022-08-14 18:50:00,12.5
429,2022-08,2022-08-15,2022-08-15 06:30:00,2022-08-15 18:40:00,12.166666666666666
430,2022-08,2022-08-16,2022-08-16 06:25:00,2022-08-16 18:40:00,12.25
431,2022-08,2022-08-17,2022-08-17 06:25:00,2022-08-17 18:35:00,12.166666666666666
432,2022-08,2022-08-18,2022-08-18 06:25:00,2022-08-18 18:30:00,12.083333333333334
433,2022-08,2022-08-19,2022-08-19 06:30:00,2022-08-19 18:35:00,12.083333333333334
434,2022-08,2022-08-20,2022-08-20 06:25:00,2022-08-20 18:30:00,12.083333333333334
435,2022-08,2022-08-21,2022-08-21 06:25:00,2022-08-21 18:35:00,12.166666666666666
436,2022-08,2022-08-22,2022-08-22 06:15:00,2022-08-22 18:35:00,12.333333333333334
437,2022-08,2022-08-23,2022-08-23 06:20:00,2022-08-23 18:35:00,12.25
438,2022-08,2022-08-24,2022-08-24 06:15:00,2022-08-24 18:30:00,12.25
439,2022-08,2022-08-25,2022-08-25 06:20:00,2022-08-25 18:35:00,12.25
440,2022-08,2022-08-26,2022-08-26 06:25:00,2022-08-26 18:35:00,12.166666666666666
441,2022-08,2022-08-27,2022-08-27 06:30:00,2022-08-27 18:05:00,11.583333333333334
442,2022-08,2022-08-28,2022-08-28 06:30:00,2022-08-28 18:30:00,12.0
443,2022-08,2022-08-29,2022-08-29 06:25:00,2022-08-29 18:25:00,12.0
444,2022-08,2022-08-30,2022-08-30 06:30:00,2022-08-30 18:30:00,12.0
445,2022-08,2022-08-31,2022-08-31 06:30:00,2022-08-31 18:15:00,11.75
446,2022-09,2022-09-01,2022-09-01 06:40:00,2022-09-01 18:25:00,11.75
447,2022-09,2022-09-02,2022-09-02 06:35:00,2022-09-02 18:20:00,11.75
448,2022-09,2022-09-03,2022-09-03 06:45:00,2022-09-03 18:25:00,11.666666666666666
449,2022-09,2022-09-04,2022-09-04 06:35:00,2022-09-04 18:20:00,11.75
450,2022-09,2022-09-05,2022-09-05 06:40:00,2022-09-05 18:15:00,11.583333333333334
451,2022-09,2022-09-06,2022-09-06 06:30:00,2022-09-06 18:20:00,11.833333333333334
452,2022-09,2022-09-07,2022-09-07 07:20:00,2022-09-07 18:05:00,10.75
453,2022-09,2022-09-08,2022-09-08 06:30:00,2022-09-08 18:15:00,11.75
454,2022-09,2022-09-09,2022-09-09 06:35:00,2022-09-09 18:15:00,11.666666666666666
455,2022-09,2022-09-10,2022-09-10 06:35:00,2022-09-10 18:15:00,11.666666666666666
456,2022-09,2022-09-11,2022-09-11 06:40:00,2022-09-11 18:10:00,11.5
457,2022-09,2022-09-12,2022-09-12 06:35:00,2022-09-12 18:15:00,11.666666666666666
458,2022-09,2022-09-13,2022-09-13 06:30:00,2022-09-13 18:15:00,11.75
459,2022-09,2022-09-14,2022-09-14 06:35:00,2022-09-14 18:10:00,11.583333333333334
460,2022-09,2022-09-15,2022-09-15 06:35:00,2022-09-15 18:10:00,11.583333333333334
461,2022-09,2022-09-16,2022-09-16 06:35:00,2022-09-16 18:05:00,11.5
462,2022-09,2022-09-17,2022-09-17 06:45:00,2022-09-17 18:00:00,11.25
463,2022-09,2022-09-18,2022-09-18 06:35:00,2022-09-18 17:55:00,11.333333333333334
464,2022-09,2022-09-19,2022-09-19 06:40:00,2022-09-19 18:05:00,11.416666666666666
465,2022-09,2022-09-20,2022-09-20 06:55:00,2022-09-20 17:45:00,10.833333333333334
466,2022-09,2022-09-21,2022-09-21 06:40:00,2022-09-21 17:50:00,11.166666666666666
467,2022-09,2022-09-22,2022-09-22 07:05:00,2022-09-22 18:00:00,10.916666666666666
468,2022-09,2022-09-23,2022-09-23 06:30:00,2022-09-23 18:00:00,11.5
469,2022-09,2022-09-24,2022-09-24 06:35:00,2022-09-24 17:55:00,11.333333333333334
470,2022-09,2022-09-25,2022-09-25 06:40:00,2022-09-25 17:45:00,11.083333333333334
471,2022-09,2022-09-26,2022-09-26 07:05:00,2022-09-26 17:35:00,10.5
472,2022-09,2022-09-27,2022-09-27 06:55:00,2022-09-27 17:55:00,11.0
473,2022-09,2022-09-28,2022-09-28 06:45:00,2022-09-28 17:55:00,11.166666666666666
474,2022-09,2022-09-29,2022-09-29 06:40:00,2022-09-29 17:40:00,11.0
475,2022-09,2022-09-30,2022-09-30 06:45:00,2022-09-30 17:50:00,11.083333333333334
476,2022-10,2022-10-01,2022-10-01 06:35:00,2022-10-01 17:50:00,11.25
477,2022-10,2022-10-02,2022-10-02 06:35:00,2022-10-02 17:50:00,11.25
478,2022-10,2022-10-03,2022-10-03 06:40:00,2022-10-03 17:45:00,11.083333333333334
479,2022-10,2022-10-04,2022-10-04 06:55:00,2022-10-04 17:40:00,10.75
480,2022-10,2022-10-05,2022-10-05 06:45:00,2022-10-05 17:35:00,10.833333333333334
481,2022-10,2022-10-06,2022-10-06 07:10:00,2022-10-06 17:45:00,10.583333333333334
482,2022-10,2022-10-07,2022-10-07 06:40:00,2022-10-07 17:35:00,10.916666666666666
483,2022-10,2022-10-08,2022-10-08 06:50:00,2022-10-08 17:40:00,10.833333333333334
484,2022-10,2022-10-09,2022-10-09 06:45:00,2022-10-09 17:35:00,10.833333333333334
485,2022-10,2022-10-10,2022-10-10 07:35:00,2022-10-10 17:10:00,9.583333333333334
486,2022-10,2022-10-11,2022-10-11 06:50:00,2022-10-11 17:35:00,10.75
487,2022-10,2022-10-12,2022-10-12 06:55:00,2022-10-12 17:30:00,10.583333333333334
488,2022-10,2022-10-13,2022-10-13 06:45:00,2022-10-13 17:25:00,10.666666666666666
489,2022-10,2022-10-14,2022-10-14 06:55:00,2022-10-14 17:30:00,10.583333333333334
490,2022-10,2022-10-15,2022-10-15 06:50:00,2022-10-15 17:30:00,10.666666666666666
491,2022-10,2022-10-16,2022-10-16 06:45:00,2022-10-16 17:25:00,10.666666666666666
492,2022-10,2022-10-17,2022-10-17 06:55:00,2022-10-17 17:30:00,10.583333333333334
493,2022-10,2022-10-18,2022-10-18 06:55:00,2022-10-18 17:30:00,10.583333333333334
494,2022-10,2022-10-19,2022-10-19 06:50:00,2022-10-19 17:25:00,10.583333333333334
495,2022-10,2022-10-20,2022-10-20 06:55:00,2022-10-20 17:25:00,10.5
496,2022-10,2022-10-21,2022-10-21 07:00:00,2022-10-21 17:20:00,10.333333333333334
497,2022-10,2022-10-22,2022-10-22 07:00:00,2022-10-22 17:20:00,10.333333333333334
498,2022-10,2022-10-23,2022-10-23 06:50:00,2022-10-23 17:15:00,10.416666666666666
499,2022-10,2022-10-24,2022-10-24 06:55:00,2022-10-24 17:10:00,10.25
500,2022-10,2022-10-25,2022-10-25 06:55:00,2022-10-25 17:05:00,10.166666666666666
501,2022-10,2022-10-26,2022-10-26 06:55:00,2022-10-26 17:10:00,10.25
502,2022-10,2022-10-27,2022-10-27 06:55:00,2022-10-27 17:05:00,10.166666666666666
503,2022-10,2022-10-28,2022-10-28 07:00:00,2022-10-28 17:10:00,10.166666666666666
504,2022-10,2022-10-29,2022-10-29 07:00:00,2022-10-29 17:10:00,10.166666666666666
505,2022-10,2022-10-30,2022-10-30 07:10:00,2022-10-30 17:10:00,10.0
506,2022-10,2022-10-31,2022-10-31 07:00:00,2022-10-31 17:10:00,10.166666666666666
507,2022-11,2022-11-01,2022-11-01 07:05:00,2022-11-01 17:15:00,10.166666666666666
508,2022-11,2022-11-02,2022-11-02 07:00:00,2022-11-02 17:10:00,10.166666666666666
509,2022-11,2022-11-03,2022-11-03 07:10:00,2022-11-03 17:10:00,10.0
510,2022-11,2022-11-04,2022-11-04 07:10:00,2022-11-04 16:55:00,9.75
511,2022-11,2022-11-05,2022-11-05 07:00:00,2022-11-05 17:10:00,10.166666666666666
512,2022-11,2022-11-06,2022-11-06 07:05:00,2022-11-06 16:55:00,9.833333333333334
513,2022-11,2022-11-07,2022-11-07 07:05:00,2022-11-07 17:05:00,10.0
514,2022-11,2022-11-08,2022-11-08 07:05:00,2022-11-08 17:05:00,10.0
515,2022-11,2022-11-09,2022-11-09 07:10:00,2022-11-09 17:10:00,10.0
516,2022-11,2022-11-10,2022-11-10 07:10:00,2022-11-10 17:10:00,10.0
517,2022-11,2022-11-11,2022-11-11 07:10:00,2022-11-11 16:55:00,9.75
518,2022-11,2022-11-12,2022-11-12 07:10:00,2022-11-12 16:50:00,9.666666666666666
519,2022-11,2022-11-13,2022-11-13 07:15:00,2022-11-13 16:55:00,9.666666666666666
520,2022-11,2022-11-14,2022-11-14 07:15:00,2022-11-14 17:00:00,9.75
521,2022-11,2022-11-15,2022-11-15 07:15:00,2022-11-15 17:00:00,9.75
522,2022-11,2022-11-16,2022-11-16 07:15:00,2022-11-16 16:55:00,9.666666666666666
523,2022-11,2022-11-17,2022-11-17 07:20:00,2022-11-17 16:45:00,9.416666666666666
524,2022-11,2022-11-18,2022-11-18 07:15:00,2022-11-18 16:55:00,9.666666666666666
525,2022-11,2022-11-19,2022-11-19 07:40:00,2022-11-19 16:55:00,9.25
526,2022-11,2022-11-20,2022-11-20 07:15:00,2022-11-20 16:50:00,9.583333333333334
527,2022-11,2022-11-21,2022-11-21 07:20:00,2022-11-21 16:45:00,9.416666666666666
528,2022-11,2022-11-22,2022-11-22 07:20:00,2022-11-22 16:45:00,9.416666666666666
529,2022-11,2022-11-23,2022-11-23 07:20:00,2022-11-23 17:00:00,9.666666666666666
530,2022-11,2022-11-24,2022-11-24 07:20:00,2022-11-24 16:50:00,9.5
531,2022-11,2022-11-25,2022-11-25 07:30:00,2022-11-25 16:35:00,9.083333333333334
532,2022-11,2022-11-26,2022-11-26 07:25:00,2022-11-26 16:35:00,9.166666666666666
533,2022-11,2022-11-27,2022-11-27 07:25:00,2022-11-27 17:00:00,9.583333333333334
534,2022-11,2022-11-28,2022-11-28 07:30:00,2022-11-28 17:00:00,9.5
535,2022-11,2022-11-29,2022-11-29 07:20:00,2022-11-29 17:05:00,9.75
536,2022-11,2022-11-30,2022-11-30 07:25:00,2022-11-30 16:50:00,9.416666666666666
537,2022-12,2022-12-01,2022-12-01 07:25:00,2022-12-01 16:55:00,9.5
538,2022-12,2022-12-02,2022-12-02 07:30:00,2022-12-02 16:40:00,9.166666666666666
539,2022-12,2022-12-03,2022-12-03 07:30:00,2022-12-03 17:00:00,9.5
540,2022-12,2022-12-04,2022-12-04 07:30:00,2022-12-04 16:55:00,9.416666666666666
541,2022-12,2022-12-05,2022-12-05 07:30:00,2022-12-05 17:00:00,9.5
542,2022-12,2022-12-06,2022-12-06 07:40:00,2022-12-06 16:40:00,9.0
543,2022-12,2022-12-07,2022-12-07 07:40:00,2022-12-07 16:50:00,9.166666666666666
544,2022-12,2022-12-08,2022-12-08 07:30:00,2022-12-08 16:45:00,9.25
545,2022-12,2022-12-09,2022-12-09 07:45:00,2022-12-09 16:35:00,8.833333333333334
546,2022-12,2022-12-10,2022-12-10 09:45:00,2022-12-10 16:40:00,6.916666666666667
547,2022-12,2022-12-11,2022-12-11 07:35:00,2022-12-11 16:50:00,9.25
548,2022-12,2022-12-12,2022-12-12 07:40:00,2022-12-12 16:50:00,9.166666666666666
549,2022-12,2022-12-13,2022-12-13 07:35:00,2022-12-13 17:00:00,9.416666666666666
550,2022-12,2022-12-14,2022-12-14 07:40:00,2022-12-14 16:40:00,9.0
551,2022-12,2022-12-15,2022-12-15 07:35:00,2022-12-15 16:55:00,9.333333333333334
552,2022-12,2022-12-16,2022-12-16 07:45:00,2022-12-16 17:00:00,9.25
553,2022-12,2022-12-17,2022-12-17 07:40:00,2022-12-17 16:55:00,9.25
554,2022-12,2022-12-18,2022-12-18 07:45:00,2022-12-18 16:40:00,8.916666666666666
555,2022-12,2022-12-19,2022-12-19 07:40:00,2022-12-19 16:50:00,9.166666666666666
556,2022-12,2022-12-20,2022-12-20 07:40:00,2022-12-20 16:50:00,9.166666666666666
557,2022-12,2022-12-21,2022-12-21 07:40:00,2022-12-21 16:50:00,9.166666666666666
558,2022-12,2022-12-22,2022-12-22 07:40:00,2022-12-22 16:50:00,9.166666666666666
559,2022-12,2022-12-23,2022-12-23 07:45:00,2022-12-23 17:05:00,9.333333333333334
560,2022-12,2022-12-24,2022-12-24 07:45:00,2022-12-24 16:45:00,9.0
561,2022-12,2022-12-25,2022-12-25 07:45:00,2022-12-25 16:45:00,9.0
562,2022-12,2022-12-26,2022-12-26 07:45:00,2022-12-26 16:45:00,9.0
563,2022-12,2022-12-27,2022-12-27 07:45:00,2022-12-27 16:45:00,9.0
564,2022-12,2022-12-28,2022-12-28 07:45:00,2022-12-28 16:40:00,8.916666666666666
565,2022-12,2022-12-29,2022-12-29 07:40:00,2022-12-29 17:00:00,9.333333333333334
566,2022-12,2022-12-30,2022-12-30 07:45:00,2022-12-30 16:50:00,9.083333333333334
567,2022-12,2022-12-31,2022-12-31 07:45:00,2022-12-31 16:50:00,9.083333333333334
568,2023-01,2023-01-01,2023-01-01 07:45:00,2023-01-01 16:50:00,9.083333333333334
569,2023-01,2023-01-02,2023-01-02 07:45:00,2023-01-02 17:10:00,9.416666666666666
570,2023-01,2023-01-03,2023-01-03 07:45:00,2023-01-03 16:55:00,9.166666666666666
571,2023-01,2023-01-04,2023-01-04 07:45:00,2023-01-04 16:55:00,9.166666666666666
572,2023-01,2023-01-05,2023-01-05 07:45:00,2023-01-05 17:00:00,9.25
573,2023-01,2023-01-06,2023-01-06 08:35:00,2023-01-06 17:20:00,8.75
574,2023-01,2023-01-07,2023-01-07 07:50:00,2023-01-07 17:00:00,9.166666666666666
575,2023-01,2023-01-08,2023-01-08 07:45:00,2023-01-08 17:00:00,9.25
576,2023-01,2023-01-09,2023-01-09 07:35:00,2023-01-09 17:20:00,9.75
577,2023-01,2023-01-10,2023-01-10 07:55:00,2023-01-10 17:00:00,9.083333333333334
578,2023-01,2023-01-11,2023-01-11 07:45:00,2023-01-11 17:00:00,9.25
579,2023-01,2023-01-12,2023-01-12 07:40:00,2023-01-12 17:20:00,9.666666666666666
580,2023-01,2023-01-13,2023-01-13 07:45:00,2023-01-13 17:05:00,9.333333333333334
581,2023-01,2023-01-14,2023-01-14 07:55:00,2023-01-14 17:10:00,9.25
582,2023-01,2023-01-15,2023-01-15 07:45:00,2023-01-15 17:10:00,9.416666666666666
583,2023-01,2023-01-16,2023-01-16 07:45:00,2023-01-16 17:20:00,9.583333333333334
584,2023-01,2023-01-17,2023-01-17 07:45:00,2023-01-17 17:15:00,9.5
585,2023-01,2023-01-18,2023-01-18 07:55:00,2023-01-18 17:15:00,9.333333333333334
586,2023-01,2023-01-19,2023-01-19 07:45:00,2023-01-19 17:20:00,9.583333333333334
587,2023-01,2023-01-20,2023-01-20 07:40:00,2023-01-20 17:25:00,9.75
588,2023-01,2023-01-21,2023-01-21 07:45:00,2023-01-21 17:15:00,9.5
589,2023-01,2023-01-22,2023-01-22 07:40:00,2023-01-22 17:10:00,9.5
590,2023-01,2023-01-23,2023-01-23 07:40:00,2023-01-23 17:20:00,9.666666666666666
591,2023-01,2023-01-24,2023-01-24 07:45:00,2023-01-24 17:20:00,9.583333333333334
592,2023-01,2023-01-25,2023-01-25 08:30:00,2023-01-25 17:15:00,8.75
593,2023-01,2023-01-26,2023-01-26 07:45:00,2023-01-26 17:15:00,9.5
594,2023-01,2023-01-27,2023-01-27 07:40:00,2023-01-27 17:25:00,9.75
595,2023-01,2023-01-28,2023-01-28 07:40:00,2023-01-28 17:15:00,9.583333333333334
596,2023-01,2023-01-29,2023-01-29 07:35:00,2023-01-29 17:15:00,9.666666666666666
597,2023-01,2023-01-30,2023-01-30 07:40:00,2023-01-30 17:20:00,9.666666666666666
598,2023-01,2023-01-31,2023-01-31 07:35:00,2023-01-31 17:20:00,9.75
599,2023-02,2023-02-01,2023-02-01 07:40:00,2023-02-01 17:25:00,9.75
600,2023-02,2023-02-02,2023-02-02 07:35:00,2023-02-02 17:30:00,9.916666666666666
601,2023-02,2023-02-03,2023-02-03 08:25:00,2023-02-03 17:25:00,9.0
602,2023-02,2023-02-04,2023-02-04 07:40:00,2023-02-04 17:30:00,9.833333333333334
603,2023-02,2023-02-05,2023-02-05 07:30:00,2023-02-05 17:40:00,10.166666666666666
604,2023-02,2023-02-06,2023-02-06 08:10:00,2023-02-06 17:20:00,9.166666666666666
605,2023-02,2023-02-07,2023-02-07 07:30:00,2023-02-07 17:40:00,10.166666666666666
606,2023-02,2023-02-08,2023-02-08 08:20:00,2023-02-08 17:30:00,9.166666666666666
607,2023-02,2023-02-09,2023-02-09 07:55:00,2023-02-09 17:45:00,9.833333333333334
608,2023-02,2023-02-10,2023-02-10 07:30:00,2023-02-10 17:40:00,10.166666666666666
609,2023-02,2023-02-11,2023-02-11 08:10:00,2023-02-11 17:35:00,9.416666666666666
610,2023-02,2023-02-12,2023-02-12 07:35:00,2023-02-12 17:30:00,9.916666666666666
611,2023-02,2023-02-13,2023-02-13 07:45:00,2023-02-13 17:45:00,10.0
612,2023-02,2023-02-14,2023-02-14 07:25:00,2023-02-14 17:45:00,10.333333333333334
613,2023-02,2023-02-15,2023-02-15 07:25:00,2023-02-15 17:35:00,10.166666666666666
614,2023-02,2023-02-16,2023-02-16 07:20:00,2023-02-16 17:40:00,10.333333333333334
615,2023-02,2023-02-17,2023-02-17 07:20:00,2023-02-17 17:55:00,10.583333333333334
616,2023-02,2023-02-18,2023-02-18 07:20:00,2023-02-18 17:50:00,10.5
617,2023-02,2023-02-19,2023-02-19 07:20:00,2023-02-19 17:45:00,10.416666666666666
618,2023-02,2023-02-20,2023-02-20 07:20:00,2023-02-20 17:45:00,10.416666666666666
619,2023-02,2023-02-21,2023-02-21 07:15:00,2023-02-21 17:55:00,10.666666666666666
620,2023-02,2023-02-22,2023-02-22 07:15:00,2023-02-22 17:55:00,10.666666666666666
621,2023-02,2023-02-23,2023-02-23 07:15:00,2023-02-23 17:35:00,10.333333333333334
622,2023-02,2023-02-24,2023-02-24 07:25:00,2023-02-24 17:35:00,10.166666666666666
623,2023-02,2023-02-25,2023-02-25 07:35:00,2023-02-25 17:50:00,10.25
624,2023-02,2023-02-26,2023-02-26 07:20:00,2023-02-26 17:55:00,10.583333333333334
625,2023-02,2023-02-27,2023-02-27 07:15:00,2023-02-27 18:00:00,10.75
626,2023-02,2023-02-28,2023-02-28 07:15:00,2023-02-28 18:00:00,10.75
627,2023-03,2023-03-01,2023-03-01 07:10:00,2023-03-01 18:00:00,10.833333333333334
628,2023-03,2023-03-02,2023-03-02 07:05:00,2023-03-02 17:40:00,10.583333333333334
629,2023-03,2023-03-03,2023-03-03 07:20:00,2023-03-03 18:00:00,10.666666666666666
630,2023-03,2023-03-04,2023-03-04 07:10:00,2023-03-04 18:00:00,10.833333333333334
631,2023-03,2023-03-05,2023-03-05 07:10:00,2023-03-05 17:55:00,10.75
632,2023-03,2023-03-06,2023-03-06 07:30:00,2023-03-06 17:45:00,10.25
633,2023-03,2023-03-07,2023-03-07 07:20:00,2023-03-07 17:55:00,10.583333333333334
634,2023-03,2023-03-08,2023-03-08 07:00:00,2023-03-08 18:05:00,11.083333333333334
635,2023-03,2023-03-09,2023-03-09 07:05:00,2023-03-09 18:00:00,10.916666666666666
636,2023-03,2023-03-10,2023-03-10 07:05:00,2023-03-10 18:10:00,11.083333333333334
637,2023-03,2023-03-11,2023-03-11 07:05:00,2023-03-11 18:10:00,11.083333333333334
638,2023-03,2023-03-12,2023-03-12 06:55:00,2023-03-12 18:10:00,11.25
639,2023-03,2023-03-13,2023-03-13 07:00:00,2023-03-13 18:10:00,11.166666666666666
640,2023-03,2023-03-14,2023-03-14 06:55:00,2023-03-14 18:15:00,11.333333333333334
641,2023-03,2023-03-15,2023-03-15 06:55:00,2023-03-15 18:15:00,11.333333333333334
642,2023-03,2023-03-16,2023-03-16 06:55:00,2023-03-16 18:15:00,11.333333333333334
643,2023-03,2023-03-17,2023-03-17 06:50:00,2023-03-17 18:15:00,11.416666666666666
644,2023-03,2023-03-18,2023-03-18 06:45:00,2023-03-18 18:10:00,11.416666666666666
645,2023-03,2023-03-19,2023-03-19 07:00:00,2023-03-19 18:05:00,11.083333333333334
646,2023-03,2023-03-20,2023-03-20 07:30:00,2023-03-20 17:45:00,10.25
647,2023-03,2023-03-21,2023-03-21 07:20:00,2023-03-21 18:20:00,11.0
648,2023-03,2023-03-22,2023-03-22 06:40:00,2023-03-22 18:20:00,11.666666666666666
649,2023-03,2023-03-23,2023-03-23 06:40:00,2023-03-23 18:20:00,11.666666666666666
650,2023-03,2023-03-24,2023-03-24 06:50:00,2023-03-24 18:20:00,11.5
651,2023-03,2023-03-25,2023-03-25 06:50:00,2023-03-25 18:20:00,11.5
652,2023-03,2023-03-26,2023-03-26 06:40:00,2023-03-26 18:20:00,11.666666666666666
653,2023-03,2023-03-27,2023-03-27 06:45:00,2023-03-27 18:25:00,11.666666666666666
654,2023-03,2023-03-28,2023-03-28 06:40:00,2023-03-28 18:25:00,11.75
655,2023-03,2023-03-29,2023-03-29 06:35:00,2023-03-29 18:25:00,11.833333333333334
656,2023-03,2023-03-30,2023-03-30 06:30:00,2023-03-30 18:25:00,11.916666666666666
657,2023-03,2023-03-31,2023-03-31 06:40:00,2023-03-31 18:25:00,11.75
658,2023-04,2023-04-01,2023-04-01 06:40:00,2023-04-01 18:15:00,11.583333333333334
659,2023-04,2023-04-02,2023-04-02 06:30:00,2023-04-02 18:25:00,11.916666666666666
660,2023-04,2023-04-03,2023-04-03 06:30:00,2023-04-03 18:25:00,11.916666666666666
661,2023-04,2023-04-04,2023-04-04 06:25:00,2023-04-04 18:30:00,12.083333333333334
662,2023-04,2023-04-05,2023-04-05 06:45:00,2023-04-05 18:20:00,11.583333333333334
663,2023-04,2023-04-10,2023-04-10 11:25:00,2023-04-10 18:30:00,7.083333333333333
664,2023-04,2023-04-11,2023-04-11 06:20:00,2023-04-11 18:30:00,12.166666666666666
665,2023-04,2023-04-12,2023-04-12 06:20:00,2023-04-12 18:30:00,12.166666666666666
666,2023-04,2023-04-13,2023-04-13 06:25:00,2023-04-13 18:30:00,12.083333333333334
667,2023-04,2023-04-14,2023-04-14 06:30:00,2023-04-14 18:25:00,11.916666666666666
668,2023-04,2023-04-15,2023-04-15 06:15:00,2023-04-15 18:25:00,12.166666666666666
669,2023-04,2023-04-16,2023-04-16 06:20:00,2023-04-16 18:30:00,12.166666666666666
670,2023-04,2023-04-17,2023-04-17 06:15:00,2023-04-17 18:35:00,12.333333333333334
671,2023-04,2023-04-18,2023-04-18 06:20:00,2023-04-18 18:35:00,12.25
672,2023-04,2023-04-19,2023-04-19 06:30:00,2023-04-19 18:30:00,12.0
673,2023-04,2023-04-20,2023-04-20 06:15:00,2023-04-20 18:35:00,12.333333333333334
674,2023-04,2023-04-21,2023-04-21 06:25:00,2023-04-21 18:30:00,12.083333333333334
675,2023-04,2023-04-22,2023-04-22 06:20:00,2023-04-22 18:40:00,12.333333333333334
676,2023-04,2023-04-23,2023-04-23 06:20:00,2023-04-23 18:35:00,12.25
677,2023-04,2023-04-24,2023-04-24 06:15:00,2023-04-24 18:25:00,12.166666666666666
678,2023-04,2023-04-25,2023-04-25 06:15:00,2023-04-25 18:30:00,12.25
679,2023-04,2023-04-26,2023-04-26 06:10:00,2023-04-26 18:35:00,12.416666666666666
680,2023-04,2023-04-27,2023-04-27 06:00:00,2023-04-27 18:30:00,12.5
681,2023-04,2023-04-28,2023-04-28 05:55:00,2023-04-28 18:35:00,12.666666666666666
682,2023-04,2023-04-29,2023-04-29 06:05:00,2023-04-29 18:25:00,12.333333333333334
683,2023-04,2023-04-30,2023-04-30 06:05:00,2023-04-30 18:35:00,12.5
684,2023-05,2023-05-01,2023-05-01 06:40:00,2023-05-01 19:00:00,12.333333333333334
685,2023-05,2023-05-02,2023-05-02 06:05:00,2023-05-02 18:30:00,12.416666666666666
686,2023-05,2023-05-03,2023-05-03 05:55:00,2023-05-03 18:40:00,12.75
687,2023-05,2023-05-04,2023-05-04 05:55:00,2023-05-04 18:30:00,12.583333333333334
688,2023-05,2023-05-05,2023-05-05 05:50:00,2023-05-05 18:40:00,12.833333333333334
689,2023-05,2023-05-06,2023-05-06 06:05:00,2023-05-06 18:25:00,12.333333333333334
690,2023-05,2023-05-07,2023-05-07 06:05:00,2023-05-07 18:30:00,12.416666666666666
691,2023-05,2023-05-08,2023-05-08 06:15:00,2023-05-08 18:30:00,12.25
692,2023-05,2023-05-09,2023-05-09 06:15:00,2023-05-09 18:50:00,12.583333333333334
693,2023-05,2023-05-10,2023-05-10 05:50:00,2023-05-10 18:40:00,12.833333333333334
694,2023-05,2023-05-11,2023-05-11 05:55:00,2023-05-11 18:45:00,12.833333333333334
695,2023-05,2023-05-12,2023-05-12 05:50:00,2023-05-12 18:35:00,12.75
696,2023-05,2023-05-13,2023-05-13 06:00:00,2023-05-13 18:30:00,12.5
697,2023-05,2023-05-14,2023-05-14 06:40:00,2023-05-14 18:40:00,12.0
698,2023-05,2023-05-15,2023-05-15 06:35:00,2023-05-15 18:45:00,12.166666666666666
699,2023-05,2023-05-16,2023-05-16 05:45:00,2023-05-16 18:50:00,13.083333333333334
700,2023-05,2023-05-17,2023-05-17 05:50:00,2023-05-17 18:00:00,12.166666666666666
701,2023-05,2023-05-18,2023-05-18 05:55:00,2023-05-18 18:50:00,12.916666666666666
702,2023-05,2023-05-19,2023-05-19 06:05:00,2023-05-19 18:15:00,12.166666666666666
703,2023-05,2023-05-20,2023-05-20 06:20:00,2023-05-20 18:50:00,12.5
704,2023-05,2023-05-21,2023-05-21 06:00:00,2023-05-21 18:55:00,12.916666666666666
705,2023-05,2023-05-22,2023-05-22 05:55:00,2023-05-22 18:50:00,12.916666666666666
706,2023-05,2023-05-23,2023-05-23 05:55:00,2023-05-23 18:50:00,12.916666666666666
707,2023-05,2023-05-24,2023-05-24 06:05:00,2023-05-24 18:50:00,12.75
708,2023-05,2023-05-25,2023-05-25 05:55:00,2023-05-25 18:50:00,12.916666666666666
709,2023-05,2023-05-26,2023-05-26 05:55:00,2023-05-26 18:45:00,12.833333333333334
710,2023-05,2023-05-27,2023-05-27 05:55:00,2023-05-27 18:50:00,12.916666666666666
711,2023-05,2023-05-28,2023-05-28 06:00:00,2023-05-28 18:35:00,12.583333333333334
712,2023-05,2023-05-29,2023-05-29 05:55:00,2023-05-29 18:55:00,13.0
713,2023-05,2023-05-30,2023-05-30 05:55:00,2023-05-30 18:45:00,12.833333333333334
714,2023-05,2023-05-31,2023-05-31 05:45:00,2023-05-31 18:55:00,13.166666666666666
715,2023-06,2023-06-01,2023-06-01 06:20:00,2023-06-01 19:00:00,12.666666666666666
716,2023-06,2023-06-02,2023-06-02 06:05:00,2023-06-02 18:45:00,12.666666666666666
717,2023-06,2023-06-03,2023-06-03 05:45:00,2023-06-03 18:55:00,13.166666666666666
718,2023-06,2023-06-04,2023-06-04 05:50:00,2023-06-04 18:50:00,13.0
719,2023-06,2023-06-05,2023-06-05 05:45:00,2023-06-05 18:50:00,13.083333333333334
720,2023-06,2023-06-06,2023-06-06 05:50:00,2023-06-06 18:55:00,13.083333333333334
721,2023-06,2023-06-07,2023-06-07 05:40:00,2023-06-07 18:45:00,13.083333333333334
722,2023-06,2023-06-08,2023-06-08 05:50:00,2023-06-08 19:00:00,13.166666666666666
723,2023-06,2023-06-09,2023-06-09 05:40:00,2023-06-09 18:55:00,13.25
724,2023-06,2023-06-10,2023-06-10 05:50:00,2023-06-10 18:55:00,13.083333333333334
725,2023-06,2023-06-11,2023-06-11 06:00:00,2023-06-11 19:00:00,13.0
726,2023-06,2023-06-12,2023-06-12 05:55:00,2023-06-12 18:55:00,13.0
727,2023-06,2023-06-13,2023-06-13 05:55:00,2023-06-13 19:00:00,13.083333333333334
728,2023-06,2023-06-14,2023-06-14 05:50:00,2023-06-14 19:00:00,13.166666666666666
729,2023-06,2023-06-15,2023-06-15 05:40:00,2023-06-15 19:05:00,13.416666666666666
730,2023-06,2023-06-16,2023-06-16 05:40:00,2023-06-16 19:05:00,13.416666666666666
731,2023-06,2023-06-17,2023-06-17 05:40:00,2023-06-17 19:00:00,13.333333333333334
732,2023-06,2023-06-18,2023-06-18 05:50:00,2023-06-18 19:00:00,13.166666666666666
733,2023-06,2023-06-19,2023-06-19 05:50:00,2023-06-19 19:10:00,13.333333333333334
734,2023-06,2023-06-20,2023-06-20 05:50:00,2023-06-20 19:15:00,13.416666666666666
735,2023-06,2023-06-21,2023-06-21 05:45:00,2023-06-21 19:00:00,13.25
736,2023-06,2023-06-22,2023-06-22 05:50:00,2023-06-22 19:10:00,13.333333333333334
737,2023-06,2023-06-23,2023-06-23 06:00:00,2023-06-23 19:05:00,13.083333333333334
738,2023-06,2023-06-24,2023-06-24 05:55:00,2023-06-24 19:05:00,13.166666666666666
739,2023-06,2023-06-25,2023-06-25 05:55:00,2023-06-25 19:00:00,13.083333333333334
740,2023-06,2023-06-26,2023-06-26 05:50:00,2023-06-26 19:05:00,13.25
741,2023-06,2023-06-27,2023-06-27 05:40:00,2023-06-27 19:05:00,13.416666666666666
742,2023-06,2023-06-28,2023-06-28 05:50:00,2023-06-28 19:00:00,13.166666666666666
743,2023-06,2023-06-29,2023-06-29 05:55:00,2023-06-29 19:05:00,13.166666666666666
744,2023-06,2023-06-30,2023-06-30 05:55:00,2023-06-30 19:05:00,13.166666666666666
745,2023-07,2023-07-01,2023-07-01 06:00:00,2023-07-01 19:00:00,13.0
746,2023-07,2023-07-02,2023-07-02 06:00:00,2023-07-02 19:00:00,13.0
747,2023-07,2023-07-03,2023-07-03 06:20:00,2023-07-03 19:00:00,12.666666666666666
748,2023-07,2023-07-04,2023-07-04 05:55:00,2023-07-04 19:05:00,13.166666666666666
749,2023-07,2023-07-05,2023-07-05 05:55:00,2023-07-05 19:05:00,13.166666666666666
750,2023-07,2023-07-06,2023-07-06 05:55:00,2023-07-06 19:05:00,13.166666666666666
751,2023-07,2023-07-07,2023-07-07 06:00:00,2023-07-07 19:05:00,13.083333333333334
752,2023-07,2023-07-08,2023-07-08 05:50:00,2023-07-08 19:00:00,13.166666666666666
753,2023-07,2023-07-09,2023-07-09 06:00:00,2023-07-09 18:55:00,12.916666666666666
754,2023-07,2023-07-10,2023-07-10 06:00:00,2023-07-10 18:55:00,12.916666666666666
755,2023-07,2023-07-11,2023-07-11 06:00:00,2023-07-11 18:50:00,12.833333333333334
756,2023-07,2023-07-12,2023-07-12 05:55:00,2023-07-12 19:00:00,13.083333333333334
757,2023-07,2023-07-13,2023-07-13 06:05:00,2023-07-13 19:05:00,13.0
758,2023-07,2023-07-14,2023-07-14 06:00:00,2023-07-14 19:00:00,13.0
759,2023-07,2023-07-15,2023-07-15 06:00:00,2023-07-15 19:00:00,13.0
760,2023-07,2023-07-16,2023-07-16 06:00:00,2023-07-16 19:05:00,13.083333333333334
761,2023-07,2023-07-17,2023-07-17 06:05:00,2023-07-17 19:05:00,13.0
762,2023-07,2023-07-18,2023-07-18 06:10:00,2023-07-18 19:05:00,12.916666666666666
763,2023-07,2023-07-19,2023-07-19 06:05:00,2023-07-19 19:00:00,12.916666666666666
764,2023-07,2023-07-20,2023-07-20 06:00:00,2023-07-20 19:00:00,13.0
765,2023-07,2023-07-21,2023-07-21 06:00:00,2023-07-21 19:00:00,13.0
766,2023-07,2023-07-22,2023-07-22 06:05:00,2023-07-22 19:00:00,12.916666666666666
767,2023-07,2023-07-23,2023-07-23 06:05:00,2023-07-23 19:00:00,12.916666666666666
768,2023-07,2023-07-24,2023-07-24 06:05:00,2023-07-24 19:00:00,12.916666666666666
769,2023-07,2023-07-25,2023-07-25 05:55:00,2023-07-25 18:55:00,13.0
770,2023-07,2023-07-26,2023-07-26 06:15:00,2023-07-26 19:00:00,12.75
771,2023-07,2023-07-27,2023-07-27 06:10:00,2023-07-27 19:05:00,12.916666666666666
772,2023-07,2023-07-28,2023-07-28 06:10:00,2023-07-28 18:55:00,12.75
773,2023-07,2023-07-29,2023-07-29 06:10:00,2023-07-29 18:55:00,12.75
774,2023-07,2023-07-30,2023-07-30 06:25:00,2023-07-30 18:50:00,12.416666666666666
775,2023-07,2023-07-31,2023-07-31 06:15:00,2023-07-31 18:55:00,12.666666666666666
776,2023-08,2023-08-01,2023-08-01 06:00:00,2023-08-01 18:55:00,12.916666666666666
777,2023-08,2023-08-02,2023-08-02 06:10:00,2023-08-02 18:50:00,12.666666666666666
778,2023-08,2023-08-03,2023-08-03 06:10:00,2023-08-03 18:55:00,12.75
779,2023-08,2023-08-04,2023-08-04 06:15:00,2023-08-04 19:05:00,12.833333333333334
780,2023-08,2023-08-05,2023-08-05 06:15:00,2023-08-05 18:50:00,12.583333333333334
781,2023-08,2023-08-06,2023-08-06 06:10:00,2023-08-06 18:45:00,12.583333333333334
782,2023-08,2023-08-07,2023-08-07 06:05:00,2023-08-07 18:50:00,12.75
783,2023-08,2023-08-08,2023-08-08 06:15:00,2023-08-08 18:45:00,12.5
784,2023-08,2023-08-09,2023-08-09 06:15:00,2023-08-09 18:45:00,12.5
785,2023-08,2023-08-10,2023-08-10 06:05:00,2023-08-10 18:45:00,12.666666666666666
786,2023-08,2023-08-11,2023-08-11 06:20:00,2023-08-11 18:45:00,12.416666666666666
787,2023-08,2023-08-12,2023-08-12 06:15:00,2023-08-12 18:40:00,12.416666666666666
788,2023-08,2023-08-13,2023-08-13 06:10:00,2023-08-13 18:30:00,12.333333333333334
789,2023-08,2023-08-14,2023-08-14 06:10:00,2023-08-14 18:40:00,12.5
790,2023-08,2023-08-15,2023-08-15 06:10:00,2023-08-15 18:40:00,12.5
791,2023-08,2023-08-16,2023-08-16 06:20:00,2023-08-16 18:35:00,12.25
792,2023-08,2023-08-17,2023-08-17 06:20:00,2023-08-17 18:35:00,12.25
793,2023-08,2023-08-18,2023-08-18 06:20:00,2023-08-18 18:35:00,12.25
794,2023-08,2023-08-19,2023-08-19 06:20:00,2023-08-19 18:45:00,12.416666666666666
795,2023-08,2023-08-20,2023-08-20 06:25:00,2023-08-20 18:35:00,12.166666666666666
796,2023-08,2023-08-21,2023-08-21 06:15:00,2023-08-21 18:40:00,12.416666666666666
797,2023-08,2023-08-22,2023-08-22 06:25:00,2023-08-22 18:05:00,11.666666666666666
798,2023-08,2023-08-23,2023-08-23 06:25:00,2023-08-23 17:40:00,11.25
799,2023-08,2023-08-24,2023-08-24 06:30:00,2023-08-24 18:35:00,12.083333333333334
800,2023-08,2023-08-25,2023-08-25 06:30:00,2023-08-25 18:30:00,12.0
801,2023-08,2023-08-26,2023-08-26 06:25:00,2023-08-26 18:25:00,12.0
802,2023-08,2023-08-27,2023-08-27 06:25:00,2023-08-27 18:25:00,12.0
803,2023-08,2023-08-28,2023-08-28 06:40:00,2023-08-28 18:25:00,11.75
804,2023-08,2023-08-29,2023-08-29 06:30:00,2023-08-29 18:30:00,12.0
805,2023-08,2023-08-30,2023-08-30 06:35:00,2023-08-30 18:30:00,11.916666666666666
806,2023-08,2023-08-31,2023-08-31 06:45:00,2023-08-31 18:30:00,11.75
807,2023-09,2023-09-01,2023-09-01 06:35:00,2023-09-01 18:30:00,11.916666666666666
808,2023-09,2023-09-02,2023-09-02 06:30:00,2023-09-02 18:25:00,11.916666666666666
809,2023-09,2023-09-03,2023-09-03 06:25:00,2023-09-03 18:10:00,11.75
810,2023-09,2023-09-04,2023-09-04 06:35:00,2023-09-04 18:15:00,11.666666666666666
811,2023-09,2023-09-05,2023-09-05 06:35:00,2023-09-05 18:25:00,11.833333333333334
812,2023-09,2023-09-06,2023-09-06 06:35:00,2023-09-06 18:20:00,11.75
813,2023-09,2023-09-07,2023-09-07 06:30:00,2023-09-07 18:25:00,11.916666666666666
814,2023-09,2023-09-08,2023-09-08 06:35:00,2023-09-08 18:20:00,11.75
815,2023-09,2023-09-09,2023-09-09 06:35:00,2023-09-09 18:20:00,11.75
816,2023-09,2023-09-10,2023-09-10 06:35:00,2023-09-10 18:15:00,11.666666666666666
817,2023-09,2023-09-11,2023-09-11 06:20:00,2023-09-11 18:05:00,11.75
818,2023-09,2023-09-12,2023-09-12 06:30:00,2023-09-12 18:15:00,11.75
819,2023-09,2023-09-13,2023-09-13 06:25:00,2023-09-13 18:15:00,11.833333333333334
820,2023-09,2023-09-14,2023-09-14 06:25:00,2023-09-14 18:15:00,11.833333333333334
821,2023-09,2023-09-15,2023-09-15 06:35:00,2023-09-15 18:10:00,11.583333333333334
822,2023-09,2023-09-16,2023-09-16 06:40:00,2023-09-16 18:10:00,11.5
823,2023-09,2023-09-17,2023-09-17 06:35:00,2023-09-17 18:10:00,11.583333333333334
824,2023-09,2023-09-18,2023-09-18 06:45:00,2023-09-18 18:05:00,11.333333333333334
825,2023-09,2023-09-19,2023-09-19 06:50:00,2023-09-19 18:05:00,11.25
826,2023-09,2023-09-20,2023-09-20 06:45:00,2023-09-20 17:50:00,11.083333333333334
827,2023-09,2023-09-21,2023-09-21 06:40:00,2023-09-21 18:05:00,11.416666666666666
828,2023-09,2023-09-22,2023-09-22 06:40:00,2023-09-22 17:55:00,11.25
829,2023-09,2023-09-23,2023-09-23 06:35:00,2023-09-23 18:00:00,11.416666666666666
830,2023-09,2023-09-24,2023-09-24 06:45:00,2023-09-24 18:00:00,11.25
831,2023-09,2023-09-25,2023-09-25 06:35:00,2023-09-25 18:00:00,11.416666666666666
832,2023-09,2023-09-26,2023-09-26 06:40:00,2023-09-26 17:55:00,11.25
833,2023-09,2023-09-27,2023-09-27 06:35:00,2023-09-27 17:55:00,11.333333333333334
834,2023-09,2023-09-28,2023-09-28 06:35:00,2023-09-28 17:55:00,11.333333333333334
835,2023-09,2023-09-29,2023-09-29 06:45:00,2023-09-29 17:55:00,11.166666666666666
836,2023-09,2023-09-30,2023-09-30 06:40:00,2023-09-30 17:50:00,11.166666666666666
837,2023-10,2023-10-01,2023-10-01 06:40:00,2023-10-01 17:50:00,11.166666666666666
838,2023-10,2023-10-02,2023-10-02 06:50:00,2023-10-02 17:50:00,11.0
839,2023-10,2023-10-03,2023-10-03 06:40:00,2023-10-03 17:45:00,11.083333333333334
840,2023-10,2023-10-04,2023-10-04 06:40:00,2023-10-04 17:40:00,11.0
841,2023-10,2023-10-05,2023-10-05 06:35:00,2023-10-05 17:45:00,11.166666666666666
842,2023-10,2023-10-06,2023-10-06 06:40:00,2023-10-06 17:40:00,11.0
843,2023-10,2023-10-07,2023-10-07 06:50:00,2023-10-07 17:45:00,10.916666666666666
844,2023-10,2023-10-08,2023-10-08 06:50:00,2023-10-08 17:40:00,10.833333333333334
845,2023-10,2023-10-09,2023-10-09 06:45:00,2023-10-09 17:35:00,10.833333333333334
846,2023-10,2023-10-10,2023-10-10 06:45:00,2023-10-10 17:35:00,10.833333333333334
847,2023-10,2023-10-11,2023-10-11 06:40:00,2023-10-11 17:35:00,10.916666666666666
848,2023-10,2023-10-12,2023-10-12 06:40:00,2023-10-12 17:35:00,10.916666666666666
849,2023-10,2023-10-13,2023-10-13 06:40:00,2023-10-13 17:30:00,10.833333333333334
850,2023-10,2023-10-14,2023-10-14 06:55:00,2023-10-14 17:30:00,10.583333333333334
851,2023-10,2023-10-15,2023-10-15 06:45:00,2023-10-15 17:30:00,10.75
852,2023-10,2023-10-16,2023-10-16 06:45:00,2023-10-16 17:30:00,10.75
853,2023-10,2023-10-17,2023-10-17 06:55:00,2023-10-17 14:00:00,7.083333333333333
854,2023-11,2023-11-01,2023-11-01 07:05:00,2023-11-01 17:00:00,9.916666666666666
855,2023-11,2023-11-02,2023-11-02 07:00:00,2023-11-02 17:15:00,10.25
856,2023-11,2023-11-03,2023-11-03 07:10:00,2023-11-03 17:15:00,10.083333333333334
857,2023-11,2023-11-04,2023-11-04 07:10:00,2023-11-04 17:10:00,10.0
858,2023-11,2023-11-05,2023-11-05 07:10:00,2023-11-05 17:10:00,10.0
859,2023-11,2023-11-06,2023-11-06 07:05:00,2023-11-06 17:10:00,10.083333333333334
860,2023-11,2023-11-07,2023-11-07 07:20:00,2023-11-07 17:00:00,9.666666666666666
861,2023-11,2023-11-08,2023-11-08 07:15:00,2023-11-08 17:10:00,9.916666666666666
862,2023-11,2023-11-09,2023-11-09 07:15:00,2023-11-09 17:05:00,9.833333333333334
863,2023-11,2023-11-10,2023-11-10 07:05:00,2023-11-10 16:55:00,9.833333333333334
864,2023-11,2023-11-11,2023-11-11 07:10:00,2023-11-11 17:05:00,9.916666666666666
865,2023-11,2023-11-12,2023-11-12 07:10:00,2023-11-12 16:55:00,9.75
866,2023-11,2023-11-13,2023-11-13 07:10:00,2023-11-13 17:00:00,9.833333333333334
867,2023-11,2023-11-14,2023-11-14 07:10:00,2023-11-14 17:00:00,9.833333333333334
868,2023-11,2023-11-15,2023-11-15 07:10:00,2023-11-15 16:55:00,9.75
869,2023-11,2023-11-16,2023-11-16 07:15:00,2023-11-16 16:55:00,9.666666666666666
870,2023-11,2023-11-17,2023-11-17 07:15:00,2023-11-17 16:50:00,9.583333333333334
871,2023-11,2023-11-18,2023-11-18 07:20:00,2023-11-18 16:50:00,9.5
872,2023-11,2023-11-19,2023-11-19 07:15:00,2023-11-19 16:55:00,9.666666666666666
873,2023-11,2023-11-20,2023-11-20 07:20:00,2023-11-20 16:50:00,9.5
874,2023-11,2023-11-21,2023-11-21 07:20:00,2023-11-21 16:55:00,9.583333333333334
875,2023-11,2023-11-22,2023-11-22 07:45:00,2023-11-22 16:50:00,9.083333333333334
876,2023-11,2023-11-23,2023-11-23 07:15:00,2023-11-23 15:30:00,8.25
877,2023-11,2023-11-24,2023-11-24 07:35:00,2023-11-24 16:55:00,9.333333333333334
878,2023-11,2023-11-25,2023-11-25 07:20:00,2023-11-25 16:55:00,9.583333333333334
879,2023-11,2023-11-26,2023-11-26 07:20:00,2023-11-26 16:55:00,9.583333333333334
880,2023-11,2023-11-27,2023-11-27 07:20:00,2023-11-27 17:00:00,9.666666666666666
881,2023-11,2023-11-28,2023-11-28 07:20:00,2023-11-28 16:50:00,9.5
882,2023-11,2023-11-29,2023-11-29 07:20:00,2023-11-29 16:45:00,9.416666666666666
883,2023-11,2023-11-30,2023-11-30 07:25:00,2023-11-30 16:50:00,9.416666666666666
